NORTHING,EASTING,LATITUDE,LONGITUDE,ELEVATION,ASPECT,SLOPE,MASK
1091100,2630100,45.9708,7.8270,2936.81,36.06,19.67,0
1091100,2630300,45.9708,7.8295,2975.76,91.25,13.64,0
1091100,2630500,45.9708,7.8321,2987.95,270.32,16.40,0
1091100,2630700,45.9708,7.8347,2992.86,11.56,8.00,0
1091100,2630900,45.9708,7.8373,3016.97,13.06,10.33,0
1091100,2631100,45.9708,7.8399,3061.28,16.78,12.14,0
1091100,2631300,45.9708,7.8424,3104.51,328.22,18.60,0
1091100,2631500,45.9707,7.8450,3143.29,249.53,11.87,0
1091100,2631700,45.9707,7.8476,3168.06,147.79,12.93,0
1091100,2631900,45.9707,7.8502,3188.14,26.96,11.87,0
1091100,2632100,45.9707,7.8528,3224.00,26.59,9.58,0
1091100,2632300,45.9707,7.8553,3253.07,179.26,10.80,0
1091100,2632500,45.9707,7.8579,3287.16,267.36,16.10,0
1091100,2632700,45.9707,7.8605,3331.76,250.54,17.54,0
1091100,2632900,45.9707,7.8631,3378.80,104.17,32.79,0
1091100,2633100,45.9707,7.8657,3403.60,284.00,19.08,0
1091100,2633300,45.9707,7.8682,3425.01,323.50,5.15,0
1091100,2633500,45.9706,7.8708,3461.19,34.25,24.76,0
1091100,2633700,45.9706,7.8734,3515.81,31.65,13.18,0
1091100,2633900,45.9706,7.8760,3554.72,18.83,13.61,0
1091100,2634100,45.9706,7.8786,3599.65,330.17,8.73,0
1091100,2634300,45.9706,7.8811,3388.25,212.19,49.62,0
1091100,2634500,45.9706,7.8837,3153.89,225.09,69.99,0
1091100,2634700,45.9706,7.8863,2977.91,107.50,43.39,0
1091100,2634900,45.9706,7.8889,2812.96,193.68,50.86,0
1091100,2635100,45.9706,7.8915,2689.62,98.50,39.11,0
1091100,2635300,45.9706,7.8940,2642.42,154.17,28.25,0
1091100,2635500,45.9705,7.8966,2557.47,96.91,50.67,0
1091100,2635700,45.9705,7.8992,2576.14,39.02,41.55,0
1091100,2635900,45.9705,7.9018,2542.73,91.48,48.56,0
1091100,2636100,45.9705,7.9044,0.00,0.00,0.00,0
1091100,2636300,45.9705,7.9069,0.00,0.00,0.00,0
1091100,2636500,45.9705,7.9095,0.00,0.00,0.00,0
1091100,2636700,45.9705,7.9121,0.00,0.00,0.00,0
1091100,2636900,45.9705,7.9147,0.00,0.00,0.00,0
1091300,2630100,45.9726,7.8270,2937.64,50.58,20.41,0
1091300,2630300,45.9726,7.8296,2964.00,104.23,9.54,0
1091300,2630500,45.9726,7.8321,2971.32,148.19,11.27,0
1091300,2630700,45.9726,7.8347,2981.72,312.75,6.38,0
1091300,2630900,45.9726,7.8373,3010.47,330.34,11.55,0
1091300,2631100,45.9726,7.8399,3047.24,348.39,15.92,0
1091300,2631300,45.9725,7.8425,3081.00,324.51,14.44,0
1091300,2631500,45.9725,7.8450,3123.39,310.99,9.45,0
1091300,2631700,45.9725,7.8476,3168.10,63.01,23.45,0
1091300,2631900,45.9725,7.8502,3204.91,99.10,3.46,0
1091300,2632100,45.9725,7.8528,3225.54,342.58,7.14,0
1091300,2632300,45.9725,7.8554,3259.15,36.19,14.88,0
1091300,2632500,45.9725,7.8579,3303.50,338.86,7.22,0
1091300,2632700,45.9725,7.8605,3332.33,317.93,13.11,0
1091300,2632900,45.9725,7.8631,3350.56,97.06,7.44,0
1091300,2633100,45.9725,7.8657,3412.02,46.86,22.83,0
1091300,2633300,45.9725,7.8683,3462.18,39.77,13.27,0
1091300,2633500,45.9724,7.8708,3496.26,34.78,8.22,0
1091300,2633700,45.9724,7.8734,3528.62,19.97,12.25,0
1091300,2633900,45.9724,7.8760,3560.86,36.11,8.93,0
1091300,2634100,45.9724,7.8786,3569.42,60.24,27.10,0
1091300,2634300,45.9724,7.8812,3500.54,170.27,46.16,0
1091300,2634500,45.9724,7.8837,3245.23,190.25,59.16,0
1091300,2634700,45.9724,7.8863,3067.63,80.99,74.43,0
1091300,2634900,45.9724,7.8889,2977.82,106.67,67.29,0
1091300,2635100,45.9724,7.8915,2869.81,42.96,49.72,0
1091300,2635300,45.9724,7.8941,2863.83,69.60,65.94,0
1091300,2635500,45.9723,7.8966,2875.99,72.33,61.50,0
1091300,2635700,45.9723,7.8992,2805.37,92.15,45.79,0
1091300,2635900,45.9723,7.9018,2820.64,103.33,74.45,0
1091300,2636100,45.9723,7.9044,0.00,0.00,0.00,0
1091300,2636300,45.9723,7.9070,0.00,0.00,0.00,0
1091300,2636500,45.9723,7.9095,0.00,0.00,0.00,0
1091300,2636700,45.9723,7.9121,0.00,0.00,0.00,0
1091300,2636900,45.9723,7.9147,0.00,0.00,0.00,0
1091500,2630100,45.9744,7.8270,2923.12,264.40,20.29,0
1091500,2630300,45.9744,7.8296,2940.16,195.76,12.75,0
1091500,2630500,45.9744,7.8321,2953.08,268.65,10.38,0
1091500,2630700,45.9744,7.8347,2946.79,274.74,13.61,0
1091500,2630900,45.9744,7.8373,2973.69,299.44,16.47,0
1091500,2631100,45.9744,7.8399,2994.05,286.52,18.56,0
1091500,2631300,45.9743,7.8425,3057.22,312.59,26.26,0
1091500,2631500,45.9743,7.8450,3108.62,80.55,36.16,0
1091500,2631700,45.9743,7.8476,3162.51,328.52,31.13,0
1091500,2631900,45.9743,7.8502,3202.67,353.93,10.68,0
1091500,2632100,45.9743,7.8528,3240.67,36.96,17.27,0
1091500,2632300,45.9743,7.8554,3281.25,35.24,14.73,0
1091500,2632500,45.9743,7.8579,3312.03,37.91,9.00,0
1091500,2632700,45.9743,7.8605,3342.49,43.61,16.48,0
1091500,2632900,45.9743,7.8631,3397.90,40.40,27.43,0
1091500,2633100,45.9743,7.8657,3459.27,22.97,17.03,0
1091500,2633300,45.9743,7.8683,3494.52,35.58,9.30,0
1091500,2633500,45.9742,7.8708,3523.36,34.40,9.15,0
1091500,2633700,45.9742,7.8734,3557.35,44.74,18.04,0
1091500,2633900,45.9742,7.8760,3593.67,16.01,8.55,0
1091500,2634100,45.9742,7.8786,3609.30,278.68,8.83,0
1091500,2634300,45.9742,7.8812,3544.55,131.00,48.90,0
1091500,2634500,45.9742,7.8837,3447.44,84.32,44.96,0
1091500,2634700,45.9742,7.8863,3353.40,67.82,35.90,0
1091500,2634900,45.9742,7.8889,3241.39,109.52,56.54,0
1091500,2635100,45.9742,7.8915,3120.00,95.16,58.65,0
1091500,2635300,45.9742,7.8941,3102.96,94.76,50.78,0
1091500,2635500,45.9741,7.8967,3019.48,137.97,57.05,0
1091500,2635700,45.9741,7.8992,3088.13,27.86,39.41,0
1091500,2635900,45.9741,7.9018,3051.64,59.11,53.53,0
1091500,2636100,45.9741,7.9044,0.00,0.00,0.00,0
1091500,2636300,45.9741,7.9070,0.00,0.00,0.00,0
1091500,2636500,45.9741,7.9096,0.00,0.00,0.00,0
1091500,2636700,45.9741,7.9121,0.00,0.00,0.00,0
1091500,2636900,45.9741,7.9147,0.00,0.00,0.00,0
1091700,2630100,45.9762,7.8270,2913.92,179.02,17.75,0
1091700,2630300,45.9762,7.8296,2928.53,176.53,20.06,0
1091700,2630500,45.9762,7.8322,2934.22,272.80,5.86,0
1091700,2630700,45.9762,7.8347,2919.71,218.86,13.41,0
1091700,2630900,45.9762,7.8373,2949.56,346.00,28.79,0
1091700,2631100,45.9762,7.8399,3004.66,233.91,14.65,0
1091700,2631300,45.9761,7.8425,3045.26,49.76,20.67,0
1091700,2631500,45.9761,7.8451,3103.76,18.12,17.17,0
1091700,2631700,45.9761,7.8476,3147.22,239.51,3.09,0
1091700,2631900,45.9761,7.8502,3188.92,9.26,24.38,0
1091700,2632100,45.9761,7.8528,3256.71,339.97,10.89,0
1091700,2632300,45.9761,7.8554,3287.01,90.42,10.52,0
1091700,2632500,45.9761,7.8580,3349.52,34.27,13.47,0
1091700,2632700,45.9761,7.8605,3391.35,31.64,16.10,0
1091700,2632900,45.9761,7.8631,3435.58,21.70,13.91,0
1091700,2633100,45.9761,7.8657,3470.58,350.11,7.12,0
1091700,2633300,45.9761,7.8683,3495.96,342.13,10.00,0
1091700,2633500,45.9760,7.8709,3531.46,9.39,9.64,0
1091700,2633700,45.9760,7.8734,3558.16,307.09,8.04,0
1091700,2633900,45.9760,7.8760,3565.64,272.11,11.76,1
1091700,2634100,45.9760,7.8786,3565.41,268.80,14.11,1
1091700,2634300,45.9760,7.8812,3565.75,275.46,17.08,1
1091700,2634500,45.9760,7.8838,3577.72,251.18,14.40,0
1091700,2634700,45.9760,7.8863,3603.46,49.37,18.51,0
1091700,2634900,45.9760,7.8889,3467.39,123.86,69.78,0
1091700,2635100,45.9760,7.8915,3420.35,124.06,64.07,0
1091700,2635300,45.9760,7.8941,3368.64,140.72,59.17,0
1091700,2635500,45.9759,7.8967,3399.75,106.93,36.11,0
1091700,2635700,45.9759,7.8992,3261.19,86.91,39.08,0
1091700,2635900,45.9759,7.9018,3034.72,179.10,47.39,0
1091700,2636100,45.9759,7.9044,0.00,0.00,0.00,0
1091700,2636300,45.9759,7.9070,0.00,0.00,0.00,0
1091700,2636500,45.9759,7.9096,0.00,0.00,0.00,0
1091700,2636700,45.9759,7.9121,0.00,0.00,0.00,0
1091700,2636900,45.9759,7.9147,0.00,0.00,0.00,0
1091900,2630100,45.9780,7.8270,2891.73,281.70,19.45,0
1091900,2630300,45.9780,7.8296,2916.14,281.57,11.23,0
1091900,2630500,45.9780,7.8322,2916.55,84.29,27.31,0
1091900,2630700,45.9780,7.8348,2951.59,71.31,44.86,0
1091900,2630900,45.9780,7.8373,3007.38,70.13,40.99,0
1091900,2631100,45.9780,7.8399,3040.04,95.92,42.99,0
1091900,2631300,45.9779,7.8425,3069.32,352.67,11.30,0
1091900,2631500,45.9779,7.8451,3102.22,308.84,14.40,0
1091900,2631700,45.9779,7.8477,3139.52,20.46,11.82,0
1091900,2631900,45.9779,7.8502,3222.98,46.34,32.94,0
1091900,2632100,45.9779,7.8528,3287.32,74.63,24.83,0
1091900,2632300,45.9779,7.8554,3331.56,47.02,21.19,0
1091900,2632500,45.9779,7.8580,3363.99,7.41,10.89,0
1091900,2632700,45.9779,7.8606,3402.70,134.87,9.14,0
1091900,2632900,45.9779,7.8631,3426.66,325.92,11.20,0
1091900,2633100,45.9779,7.8657,3459.69,336.40,11.36,0
1091900,2633300,45.9779,7.8683,3488.70,320.55,9.66,0
1091900,2633500,45.9778,7.8709,3519.62,311.76,9.88,1
1091900,2633700,45.9778,7.8735,3533.43,293.40,6.94,1
1091900,2633900,45.9778,7.8760,3535.51,278.79,7.63,1
1091900,2634100,45.9778,7.8786,3530.19,253.10,27.47,1
1091900,2634300,45.9778,7.8812,3520.95,259.66,10.64,1
1091900,2634500,45.9778,7.8838,3531.23,314.79,21.97,1
1091900,2634700,45.9778,7.8864,3562.91,303.51,17.94,1
1091900,2634900,45.9778,7.8889,3592.09,301.97,17.98,1
1091900,2635100,45.9778,7.8915,3626.72,6.66,15.08,0
1091900,2635300,45.9777,7.8941,3562.66,90.27,46.79,0
1091900,2635500,45.9777,7.8967,3522.05,257.89,40.45,0
1091900,2635700,45.9777,7.8993,3300.38,196.63,59.37,0
1091900,2635900,45.9777,7.9018,3152.62,204.36,47.25,0
1091900,2636100,45.9777,7.9044,0.00,0.00,0.00,0
1091900,2636300,45.9777,7.9070,0.00,0.00,0.00,0
1091900,2636500,45.9777,7.9096,0.00,0.00,0.00,0
1091900,2636700,45.9777,7.9122,0.00,0.00,0.00,0
1091900,2636900,45.9777,7.9147,0.00,0.00,0.00,0
1092100,2630100,45.9798,7.8270,2951.42,36.67,33.18,0
1092100,2630300,45.9798,7.8296,2996.64,67.90,33.06,0
1092100,2630500,45.9798,7.8322,3043.96,34.30,9.46,0
1092100,2630700,45.9798,7.8348,3048.89,94.32,34.03,0
1092100,2630900,45.9798,7.8373,3071.80,66.05,29.99,0
1092100,2631100,45.9798,7.8399,3115.05,54.72,22.84,0
1092100,2631300,45.9797,7.8425,3128.40,80.16,14.06,0
1092100,2631500,45.9797,7.8451,3166.87,87.81,11.57,0
1092100,2631700,45.9797,7.8477,3214.82,74.96,29.23,0
1092100,2631900,45.9797,7.8502,3274.32,175.13,11.31,0
1092100,2632100,45.9797,7.8528,3315.66,180.71,6.96,0
1092100,2632300,45.9797,7.8554,3344.05,170.84,5.58,0
1092100,2632500,45.9797,7.8580,3361.71,12.72,6.35,0
1092100,2632700,45.9797,7.8606,3389.89,323.57,7.69,0
1092100,2632900,45.9797,7.8631,3413.02,266.86,13.33,0
1092100,2633100,45.9797,7.8657,3443.63,337.30,5.67,0
1092100,2633300,45.9797,7.8683,3462.02,288.22,6.81,1
1092100,2633500,45.9796,7.8709,3479.85,298.61,13.54,1
1092100,2633700,45.9796,7.8735,3489.58,272.01,10.74,1
1092100,2633900,45.9796,7.8761,3493.10,265.01,19.50,1
1092100,2634100,45.9796,7.8786,3478.12,254.30,13.62,1
1092100,2634300,45.9796,7.8812,3488.58,271.11,13.42,1
1092100,2634500,45.9796,7.8838,3495.99,287.96,4.97,1
1092100,2634700,45.9796,7.8864,3541.32,343.29,17.19,1
1092100,2634900,45.9796,7.8890,3587.51,18.40,14.73,1
1092100,2635100,45.9796,7.8915,3636.36,12.24,12.84,1
1092100,2635300,45.9795,7.8941,3724.42,184.34,59.53,0
1092100,2635500,45.9795,7.8967,3534.00,111.23,50.89,0
1092100,2635700,45.9795,7.8993,3396.48,98.84,50.55,0
1092100,2635900,45.9795,7.9019,3256.39,147.05,48.33,0
1092100,2636100,45.9795,7.9044,0.00,0.00,0.00,0
1092100,2636300,45.9795,7.9070,0.00,0.00,0.00,0
1092100,2636500,45.9795,7.9096,0.00,0.00,0.00,0
1092100,2636700,45.9795,7.9122,0.00,0.00,0.00,0
1092100,2636900,45.9795,7.9148,0.00,0.00,0.00,0
1092300,2630100,45.9816,7.8270,3061.64,72.41,42.89,0
1092300,2630300,45.9816,7.8296,3100.81,56.22,33.67,0
1092300,2630500,45.9816,7.8322,3122.88,106.23,17.66,0
1092300,2630700,45.9816,7.8348,3172.54,33.99,9.69,0
1092300,2630900,45.9816,7.8374,3203.84,22.78,22.80,0
1092300,2631100,45.9816,7.8399,3230.70,129.42,15.66,0
1092300,2631300,45.9815,7.8425,3252.43,104.36,32.35,0
1092300,2631500,45.9815,7.8451,3262.46,61.63,13.09,0
1092300,2631700,45.9815,7.8477,3281.98,293.84,10.07,0
1092300,2631900,45.9815,7.8503,3292.17,31.71,16.39,0
1092300,2632100,45.9815,7.8528,3323.61,175.46,9.09,0
1092300,2632300,45.9815,7.8554,3350.34,19.62,6.29,0
1092300,2632500,45.9815,7.8580,3370.05,96.68,8.51,0
1092300,2632700,45.9815,7.8606,3386.24,23.93,7.86,0
1092300,2632900,45.9815,7.8632,3408.91,340.60,7.95,1
1092300,2633100,45.9815,7.8657,3431.63,325.01,7.49,1
1092300,2633300,45.9814,7.8683,3438.43,281.28,7.53,1
1092300,2633500,45.9814,7.8709,3448.38,277.45,9.78,1
1092300,2633700,45.9814,7.8735,3452.16,250.26,7.87,1
1092300,2633900,45.9814,7.8761,3428.48,258.46,21.55,1
1092300,2634100,45.9814,7.8786,3445.30,299.46,8.05,1
1092300,2634300,45.9814,7.8812,3466.39,299.84,10.77,1
1092300,2634500,45.9814,7.8838,3479.90,312.14,9.33,1
1092300,2634700,45.9814,7.8864,3542.25,89.95,28.25,1
1092300,2634900,45.9814,7.8890,3599.79,29.89,16.87,1
1092300,2635100,45.9814,7.8915,3634.99,100.58,28.98,1
1092300,2635300,45.9813,7.8941,3780.82,308.03,14.47,1
1092300,2635500,45.9813,7.8967,3624.33,170.10,37.15,0
1092300,2635700,45.9813,7.8993,3496.41,158.88,45.07,0
1092300,2635900,45.9813,7.9019,3340.80,221.84,45.15,0
1092300,2636100,45.9813,7.9045,0.00,0.00,0.00,0
1092300,2636300,45.9813,7.9070,0.00,0.00,0.00,0
1092300,2636500,45.9813,7.9096,0.00,0.00,0.00,0
1092300,2636700,45.9813,7.9122,0.00,0.00,0.00,0
1092300,2636900,45.9813,7.9148,0.00,0.00,0.00,0
1092500,2630100,45.9834,7.8270,3184.05,104.21,49.28,0
1092500,2630300,45.9834,7.8296,3173.03,69.47,36.37,0
1092500,2630500,45.9834,7.8322,3193.68,77.72,32.89,0
1092500,2630700,45.9834,7.8348,3225.31,91.16,50.12,0
1092500,2630900,45.9834,7.8374,3273.73,88.83,55.67,0
1092500,2631100,45.9834,7.8400,3297.91,49.27,24.24,0
1092500,2631300,45.9833,7.8425,3326.55,236.56,10.26,0
1092500,2631500,45.9833,7.8451,3303.05,103.04,47.54,0
1092500,2631700,45.9833,7.8477,3304.01,49.19,14.53,0
1092500,2631900,45.9833,7.8503,3324.98,59.41,9.61,0
1092500,2632100,45.9833,7.8529,3349.29,51.03,10.41,0
1092500,2632300,45.9833,7.8554,3365.58,56.64,4.72,0
1092500,2632500,45.9833,7.8580,3376.02,159.63,11.31,0
1092500,2632700,45.9833,7.8606,3381.34,273.68,9.02,1
1092500,2632900,45.9833,7.8632,3387.17,288.65,11.25,1
1092500,2633100,45.9833,7.8658,3406.97,292.59,10.77,1
1092500,2633300,45.9832,7.8683,3405.62,256.14,13.58,1
1092500,2633500,45.9832,7.8709,3378.97,214.26,29.22,1
1092500,2633700,45.9832,7.8735,3368.25,262.92,15.07,1
1092500,2633900,45.9832,7.8761,3384.15,334.02,16.82,1
1092500,2634100,45.9832,7.8787,3436.44,312.27,6.84,1
1092500,2634300,45.9832,7.8812,3448.26,264.32,4.06,1
1092500,2634500,45.9832,7.8838,3489.86,12.26,18.29,1
1092500,2634700,45.9832,7.8864,3556.66,38.81,31.43,1
1092500,2634900,45.9832,7.8890,3626.21,22.61,19.39,1
1092500,2635100,45.9832,7.8916,3695.23,324.91,20.61,1
1092500,2635300,45.9831,7.8941,3740.14,299.82,15.45,1
1092500,2635500,45.9831,7.8967,3720.24,181.18,52.78,1
1092500,2635700,45.9831,7.8993,3461.18,206.06,35.27,0
1092500,2635900,45.9831,7.9019,3271.40,185.78,33.13,0
1092500,2636100,45.9831,7.9045,0.00,0.00,0.00,0
1092500,2636300,45.9831,7.9070,0.00,0.00,0.00,0
1092500,2636500,45.9831,7.9096,0.00,0.00,0.00,0
1092500,2636700,45.9831,7.9122,0.00,0.00,0.00,0
1092500,2636900,45.9831,7.9148,0.00,0.00,0.00,0
1092700,2630100,45.9852,7.8271,3282.53,57.30,7.78,0
1092700,2630300,45.9852,7.8296,3317.97,70.42,28.14,0
1092700,2630500,45.9852,7.8322,3364.71,34.22,26.13,0
1092700,2630700,45.9852,7.8348,3411.18,64.08,11.44,0
1092700,2630900,45.9852,7.8374,3473.69,127.36,49.92,0
1092700,2631100,45.9852,7.8400,3416.05,89.55,34.20,0
1092700,2631300,45.9851,7.8425,3401.75,105.27,10.15,0
1092700,2631500,45.9851,7.8451,3416.17,79.25,45.14,0
1092700,2631700,45.9851,7.8477,3428.59,89.12,33.07,0
1092700,2631900,45.9851,7.8503,3402.84,86.17,45.37,0
1092700,2632100,45.9851,7.8529,3409.09,248.48,47.14,1
1092700,2632300,45.9851,7.8554,3375.53,176.41,7.26,1
1092700,2632500,45.9851,7.8580,3347.47,236.44,17.10,1
1092700,2632700,45.9851,7.8606,3314.74,261.59,18.82,1
1092700,2632900,45.9851,7.8632,3319.10,284.78,25.94,1
1092700,2633100,45.9851,7.8658,3337.15,293.34,28.23,1
1092700,2633300,45.9850,7.8684,3308.07,243.50,65.83,1
1092700,2633500,45.9850,7.8709,3300.08,275.21,20.21,1
1092700,2633700,45.9850,7.8735,3336.99,270.29,23.94,1
1092700,2633900,45.9850,7.8761,3351.90,281.00,14.74,1
1092700,2634100,45.9850,7.8787,3394.25,189.00,13.51,1
1092700,2634300,45.9850,7.8813,3422.68,244.94,33.15,1
1092700,2634500,45.9850,7.8838,3497.49,15.91,21.51,1
1092700,2634700,45.9850,7.8864,3583.05,171.85,14.39,1
1092700,2634900,45.9850,7.8890,3617.34,294.98,13.76,1
1092700,2635100,45.9850,7.8916,3634.45,283.54,22.69,1
1092700,2635300,45.9849,7.8942,3670.23,296.00,26.06,1
1092700,2635500,45.9849,7.8967,3645.09,237.59,46.40,1
1092700,2635700,45.9849,7.8993,3584.47,123.41,57.15,0
1092700,2635900,45.9849,7.9019,3326.97,100.62,63.76,0
1092700,2636100,45.9849,7.9045,0.00,0.00,0.00,0
1092700,2636300,45.9849,7.9071,0.00,0.00,0.00,0
1092700,2636500,45.9849,7.9096,0.00,0.00,0.00,0
1092700,2636700,45.9849,7.9122,0.00,0.00,0.00,0
1092700,2636900,45.9849,7.9148,0.00,0.00,0.00,0
1092900,2630100,45.9870,7.8271,3408.16,267.56,33.60,0
1092900,2630300,45.9870,7.8297,3403.69,286.75,33.87,0
1092900,2630500,45.9870,7.8322,3433.56,66.98,36.01,0
1092900,2630700,45.9870,7.8348,3455.40,280.30,42.67,0
1092900,2630900,45.9870,7.8374,3473.23,260.05,22.68,0
1092900,2631100,45.9870,7.8400,3437.45,191.22,25.93,0
1092900,2631300,45.9869,7.8426,3373.07,174.40,17.34,1
1092900,2631500,45.9869,7.8451,3388.94,271.80,15.32,1
1092900,2631700,45.9869,7.8477,3401.95,341.24,6.15,1
1092900,2631900,45.9869,7.8503,3397.57,208.82,7.96,1
1092900,2632100,45.9869,7.8529,3365.16,216.82,14.07,1
1092900,2632300,45.9869,7.8555,3327.52,243.43,21.50,1
1092900,2632500,45.9869,7.8580,3300.80,269.32,18.42,1
1092900,2632700,45.9869,7.8606,3251.14,203.95,31.63,1
1092900,2632900,45.9869,7.8632,3221.57,273.47,26.85,1
1092900,2633100,45.9869,7.8658,3224.08,241.83,18.52,1
1092900,2633300,45.9868,7.8684,3223.70,285.64,8.19,1
1092900,2633500,45.9868,7.8709,3242.10,90.27,11.09,1
1092900,2633700,45.9868,7.8735,3291.35,285.25,15.71,1
1092900,2633900,45.9868,7.8761,3312.71,271.37,25.17,1
1092900,2634100,45.9868,7.8787,3359.24,307.17,19.77,1
1092900,2634300,45.9868,7.8813,3417.33,354.24,23.91,1
1092900,2634500,45.9868,7.8839,3501.04,336.78,26.16,1
1092900,2634700,45.9868,7.8864,3551.62,307.13,10.45,1
1092900,2634900,45.9868,7.8890,3546.84,268.10,19.93,1
1092900,2635100,45.9868,7.8916,3550.37,290.68,24.20,1
1092900,2635300,45.9867,7.8942,3522.31,245.09,27.12,1
1092900,2635500,45.9867,7.8968,3509.01,273.99,20.61,1
1092900,2635700,45.9867,7.8993,3512.63,270.63,18.84,1
1092900,2635900,45.9867,7.9019,3453.38,220.33,61.66,0
1092900,2636100,45.9867,7.9045,0.00,0.00,0.00,0
1092900,2636300,45.9867,7.9071,0.00,0.00,0.00,0
1092900,2636500,45.9867,7.9097,0.00,0.00,0.00,0
1092900,2636700,45.9867,7.9122,0.00,0.00,0.00,0
1092900,2636900,45.9867,7.9148,0.00,0.00,0.00,0
1093100,2630100,45.9888,7.8271,3191.49,294.26,21.60,0
1093100,2630300,45.9888,7.8297,3212.15,283.50,33.55,0
1093100,2630500,45.9888,7.8322,3286.85,309.40,32.27,0
1093100,2630700,45.9888,7.8348,3350.72,311.39,25.38,0
1093100,2630900,45.9888,7.8374,3410.86,315.99,17.26,0
1093100,2631100,45.9888,7.8400,3369.92,238.78,35.19,1
1093100,2631300,45.9887,7.8426,3328.75,281.11,13.91,1
1093100,2631500,45.9887,7.8452,3357.71,322.58,10.92,1
1093100,2631700,45.9887,7.8477,3381.63,289.07,9.26,1
1093100,2631900,45.9887,7.8503,3376.79,241.35,11.63,1
1093100,2632100,45.9887,7.8529,3339.08,206.60,18.55,1
1093100,2632300,45.9887,7.8555,3257.72,219.29,32.37,1
1093100,2632500,45.9887,7.8581,3194.76,254.49,33.18,1
1093100,2632700,45.9887,7.8606,3178.50,242.70,21.28,1
1093100,2632900,45.9887,7.8632,3163.82,335.55,6.28,1
1093100,2633100,45.9887,7.8658,3173.05,91.74,7.39,1
1093100,2633300,45.9886,7.8684,3210.81,90.61,14.02,1
1093100,2633500,45.9886,7.8710,3241.13,257.07,6.44,1
1093100,2633700,45.9886,7.8735,3253.95,292.20,9.69,1
1093100,2633900,45.9886,7.8761,3264.08,289.99,8.34,1
1093100,2634100,45.9886,7.8787,3304.01,266.10,19.09,1
1093100,2634300,45.9886,7.8813,3384.23,313.63,22.28,1
1093100,2634500,45.9886,7.8839,3439.68,280.22,27.74,1
1093100,2634700,45.9886,7.8864,3459.60,292.92,19.08,1
1093100,2634900,45.9886,7.8890,3477.99,310.35,14.96,1
1093100,2635100,45.9886,7.8916,3489.62,255.44,14.72,1
1093100,2635300,45.9885,7.8942,3471.79,245.27,9.25,1
1093100,2635500,45.9885,7.8968,3461.90,265.16,2.13,1
1093100,2635700,45.9885,7.8994,3475.76,178.42,6.52,1
1093100,2635900,45.9885,7.9019,3495.97,16.47,19.24,1
1093100,2636100,45.9885,7.9045,3522.95,140.10,55.72,0
1093100,2636300,45.9885,7.9071,3286.37,188.94,31.88,0
1093100,2636500,45.9885,7.9097,3170.25,191.44,27.43,0
1093100,2636700,45.9885,7.9123,3036.15,202.80,32.30,0
1093100,2636900,45.9885,7.9148,2919.85,123.37,43.86,0
1093300,2630100,45.9906,7.8271,3090.22,282.95,17.83,0
1093300,2630300,45.9906,7.8297,3131.02,313.51,21.79,0
1093300,2630500,45.9906,7.8323,3210.98,329.79,29.19,0
1093300,2630700,45.9906,7.8348,3335.96,101.42,32.77,0
1093300,2630900,45.9906,7.8374,3246.29,244.11,46.39,0
1093300,2631100,45.9905,7.8400,3187.73,292.56,32.63,1
1093300,2631300,45.9905,7.8426,3271.62,296.99,12.66,1
1093300,2631500,45.9905,7.8452,3310.18,280.53,25.15,1
1093300,2631700,45.9905,7.8477,3320.63,267.08,24.36,1
1093300,2631900,45.9905,7.8503,3299.86,250.76,27.38,1
1093300,2632100,45.9905,7.8529,3276.71,260.82,21.79,1
1093300,2632300,45.9905,7.8555,3179.58,171.16,45.62,0
1093300,2632500,45.9905,7.8581,3144.76,251.73,17.73,1
1093300,2632700,45.9905,7.8607,3144.07,253.80,8.74,1
1093300,2632900,45.9905,7.8632,3163.39,343.20,4.95,1
1093300,2633100,45.9905,7.8658,3168.26,266.76,3.20,1
1093300,2633300,45.9904,7.8684,3201.42,255.65,18.96,1
1093300,2633500,45.9904,7.8710,3215.40,268.57,7.82,1
1093300,2633700,45.9904,7.8736,3213.34,280.16,11.63,1
1093300,2633900,45.9904,7.8761,3232.65,285.49,17.48,1
1093300,2634100,45.9904,7.8787,3294.46,269.40,19.72,1
1093300,2634300,45.9904,7.8813,3356.08,261.49,13.63,1
1093300,2634500,45.9904,7.8839,3402.74,192.28,12.49,1
1093300,2634700,45.9904,7.8865,3424.10,299.20,25.76,1
1093300,2634900,45.9904,7.8890,3438.62,275.45,8.03,1
1093300,2635100,45.9904,7.8916,3435.56,274.65,11.20,1
1093300,2635300,45.9903,7.8942,3445.97,288.85,6.50,1
1093300,2635500,45.9903,7.8968,3454.91,280.02,2.87,1
1093300,2635700,45.9903,7.8994,3464.70,330.14,8.98,1
1093300,2635900,45.9903,7.9019,3501.66,10.83,12.47,1
1093300,2636100,45.9903,7.9045,3591.86,336.56,29.16,1
1093300,2636300,45.9903,7.9071,3391.78,166.08,39.02,0
1093300,2636500,45.9903,7.9097,3140.04,186.95,31.63,0
1093300,2636700,45.9903,7.9123,3054.44,160.62,13.28,0
1093300,2636900,45.9903,7.9149,3008.19,143.04,22.60,0
1093500,2630100,45.9924,7.8271,3055.82,236.55,25.12,0
1093500,2630300,45.9924,7.8297,3073.63,288.46,34.87,0
1093500,2630500,45.9924,7.8323,3160.79,262.18,32.22,0
1093500,2630700,45.9924,7.8349,3191.12,242.94,48.52,0
1093500,2630900,45.9924,7.8374,3102.45,258.37,51.77,0
1093500,2631100,45.9923,7.8400,3060.93,304.68,27.82,1
1093500,2631300,45.9923,7.8426,3133.36,292.02,53.82,1
1093500,2631500,45.9923,7.8452,3195.02,296.19,31.50,1
1093500,2631700,45.9923,7.8478,3223.81,270.86,25.10,1
1093500,2631900,45.9923,7.8503,3212.51,261.57,19.32,1
1093500,2632100,45.9923,7.8529,3213.62,92.24,22.97,0
1093500,2632300,45.9923,7.8555,3158.25,254.12,65.48,0
1093500,2632500,45.9923,7.8581,3100.05,285.75,7.48,1
1093500,2632700,45.9923,7.8607,3125.44,340.45,7.15,1
1093500,2632900,45.9923,7.8632,3137.93,286.35,15.53,1
1093500,2633100,45.9923,7.8658,3153.34,287.34,9.73,1
1093500,2633300,45.9922,7.8684,3158.04,295.92,17.19,1
1093500,2633500,45.9922,7.8710,3184.82,267.61,13.81,1
1093500,2633700,45.9922,7.8736,3184.74,341.98,8.17,1
1093500,2633900,45.9922,7.8762,3216.80,5.18,15.06,1
1093500,2634100,45.9922,7.8787,3271.49,341.57,16.31,1
1093500,2634300,45.9922,7.8813,3326.05,314.29,17.09,1
1093500,2634500,45.9922,7.8839,3366.56,268.56,22.87,1
1093500,2634700,45.9922,7.8865,3381.31,280.59,18.28,1
1093500,2634900,45.9922,7.8891,3402.16,197.32,32.36,1
1093500,2635100,45.9922,7.8916,3405.46,302.97,37.67,1
1093500,2635300,45.9921,7.8942,3419.06,278.58,24.10,1
1093500,2635500,45.9921,7.8968,3422.89,264.36,9.93,1
1093500,2635700,45.9921,7.8994,3444.55,316.76,21.51,1
1093500,2635900,45.9921,7.9020,3496.06,325.20,14.51,1
1093500,2636100,45.9921,7.9045,3588.48,309.10,20.93,1
1093500,2636300,45.9921,7.9071,3444.18,192.03,51.20,0
1093500,2636500,45.9921,7.9097,3192.85,135.11,43.63,0
1093500,2636700,45.9921,7.9123,3087.91,97.71,20.74,0
1093500,2636900,45.9921,7.9149,3076.94,99.61,24.53,0
1093700,2630100,45.9942,7.8271,2967.90,238.84,46.98,0
1093700,2630300,45.9942,7.8297,2970.23,317.19,23.62,0
1093700,2630500,45.9942,7.8323,3071.43,252.63,61.59,0
1093700,2630700,45.9942,7.8349,3011.62,257.19,37.79,0
1093700,2630900,45.9942,7.8374,2960.13,200.38,13.79,0
1093700,2631100,45.9941,7.8400,2970.11,277.12,35.74,1
1093700,2631300,45.9941,7.8426,3009.87,284.59,38.48,0
1093700,2631500,45.9941,7.8452,3104.54,329.44,36.26,1
1093700,2631700,45.9941,7.8478,3146.10,288.21,22.64,1
1093700,2631900,45.9941,7.8504,3161.74,273.86,14.36,1
1093700,2632100,45.9941,7.8529,3206.23,293.65,30.93,0
1093700,2632300,45.9941,7.8555,3073.50,314.74,8.65,0
1093700,2632500,45.9941,7.8581,3080.89,276.98,6.33,1
1093700,2632700,45.9941,7.8607,3091.01,293.83,18.78,1
1093700,2632900,45.9941,7.8633,3101.60,263.10,9.39,1
1093700,2633100,45.9941,7.8658,3110.54,288.32,10.14,1
1093700,2633300,45.9940,7.8684,3125.50,315.94,10.30,1
1093700,2633500,45.9940,7.8710,3140.25,263.69,7.22,1
1093700,2633700,45.9940,7.8736,3167.41,352.89,23.92,1
1093700,2633900,45.9940,7.8762,3228.01,340.55,10.65,1
1093700,2634100,45.9940,7.8787,3248.15,293.72,14.79,1
1093700,2634300,45.9940,7.8813,3280.27,276.34,20.39,1
1093700,2634500,45.9940,7.8839,3292.43,268.51,14.89,1
1093700,2634700,45.9940,7.8865,3316.08,285.19,11.04,1
1093700,2634900,45.9940,7.8891,3342.31,291.77,15.16,1
1093700,2635100,45.9940,7.8917,3349.61,298.74,15.73,1
1093700,2635300,45.9939,7.8942,3371.32,297.87,14.45,1
1093700,2635500,45.9939,7.8968,3398.82,318.47,8.32,1
1093700,2635700,45.9939,7.8994,3419.28,342.03,23.94,1
1093700,2635900,45.9939,7.9020,3479.75,331.05,15.25,1
1093700,2636100,45.9939,7.9046,3546.34,8.04,17.29,1
1093700,2636300,45.9939,7.9071,3459.48,146.55,67.02,0
1093700,2636500,45.9939,7.9097,3267.67,149.84,29.72,0
1093700,2636700,45.9939,7.9123,3179.56,121.40,26.08,0
1093700,2636900,45.9939,7.9149,3155.01,89.14,29.52,0
1093900,2630100,45.9960,7.8271,2900.43,270.39,24.29,0
1093900,2630300,45.9960,7.8297,2863.24,324.56,31.68,0
1093900,2630500,45.9960,7.8323,2913.62,286.94,39.69,0
1093900,2630700,45.9960,7.8349,2896.12,268.01,42.75,0
1093900,2630900,45.9960,7.8375,2866.77,262.10,20.55,0
1093900,2631100,45.9959,7.8400,2913.25,262.66,28.76,0
1093900,2631300,45.9959,7.8426,2977.46,265.08,21.52,0
1093900,2631500,45.9959,7.8452,3022.14,182.39,29.47,0
1093900,2631700,45.9959,7.8478,3095.67,252.05,12.69,1
1093900,2631900,45.9959,7.8504,3150.31,256.87,50.09,0
1093900,2632100,45.9959,7.8529,3076.65,216.78,70.95,0
1093900,2632300,45.9959,7.8555,3055.89,278.77,6.80,1
1093900,2632500,45.9959,7.8581,3066.45,289.64,6.98,1
1093900,2632700,45.9959,7.8607,3076.69,345.69,3.94,1
1093900,2632900,45.9959,7.8633,3091.16,181.75,2.35,1
1093900,2633100,45.9959,7.8659,3095.88,265.02,3.15,1
1093900,2633300,45.9958,7.8684,3107.99,280.47,5.32,1
1093900,2633500,45.9958,7.8710,3120.09,335.62,9.26,1
1093900,2633700,45.9958,7.8736,3166.45,9.09,13.31,1
1093900,2633900,45.9958,7.8762,3210.35,337.95,12.28,1
1093900,2634100,45.9958,7.8788,3249.47,272.52,13.82,1
1093900,2634300,45.9958,7.8813,3264.68,304.75,2.73,1
1093900,2634500,45.9958,7.8839,3276.93,175.47,6.74,1
1093900,2634700,45.9958,7.8865,3298.83,12.00,12.06,1
1093900,2634900,45.9958,7.8891,3329.35,8.14,5.68,1
1093900,2635100,45.9958,7.8917,3337.41,353.18,7.55,1
1093900,2635300,45.9957,7.8942,3349.31,227.77,3.40,1
1093900,2635500,45.9957,7.8968,3380.06,32.53,10.65,1
1093900,2635700,45.9957,7.8994,3409.57,323.53,16.03,1
1093900,2635900,45.9957,7.9020,3451.36,348.37,10.43,1
1093900,2636100,45.9957,7.9046,3515.54,317.10,27.82,1
1093900,2636300,45.9957,7.9072,3548.69,283.61,17.60,0
1093900,2636500,45.9957,7.9097,3423.61,109.83,68.73,0
1093900,2636700,45.9957,7.9123,3371.09,30.22,49.16,0
1093900,2636900,45.9957,7.9149,3424.51,47.43,49.93,0
1094100,2630100,45.9978,7.8271,2786.38,228.06,21.07,0
1094100,2630300,45.9978,7.8297,2809.93,20.56,29.07,0
1094100,2630500,45.9978,7.8323,2844.21,255.55,22.71,0
1094100,2630700,45.9978,7.8349,2848.83,21.03,16.55,0
1094100,2630900,45.9978,7.8375,2839.87,157.50,0.00,0
1094100,2631100,45.9977,7.8401,2893.46,17.61,54.91,0
1094100,2631300,45.9977,7.8426,2945.16,273.23,16.25,0
1094100,2631500,45.9977,7.8452,2982.20,323.09,28.46,0
1094100,2631700,45.9977,7.8478,3033.79,289.83,47.50,0
1094100,2631900,45.9977,7.8504,2986.34,277.99,31.73,0
1094100,2632100,45.9977,7.8530,3021.03,253.53,18.91,1
1094100,2632300,45.9977,7.8555,3029.41,269.05,5.11,1
1094100,2632500,45.9977,7.8581,3039.36,318.57,9.63,1
1094100,2632700,45.9977,7.8607,3070.96,334.79,9.03,1
1094100,2632900,45.9977,7.8633,3089.82,206.59,2.43,1
1094100,2633100,45.9977,7.8659,3099.66,49.61,6.69,1
1094100,2633300,45.9976,7.8685,3108.93,52.14,1.51,1
1094100,2633500,45.9976,7.8710,3124.92,92.92,9.40,1
1094100,2633700,45.9976,7.8736,3163.15,265.01,14.72,1
1094100,2633900,45.9976,7.8762,3208.23,37.56,10.82,1
1094100,2634100,45.9976,7.8788,3238.90,96.41,6.61,1
1094100,2634300,45.9976,7.8814,3242.43,290.93,8.13,1
1094100,2634500,45.9976,7.8839,3265.35,326.65,7.56,1
1094100,2634700,45.9976,7.8865,3289.35,326.92,11.08,1
1094100,2634900,45.9976,7.8891,3317.33,308.17,7.69,1
1094100,2635100,45.9975,7.8917,3315.67,287.14,10.03,1
1094100,2635300,45.9975,7.8943,3353.57,20.53,13.28,1
1094100,2635500,45.9975,7.8968,3395.62,41.08,14.92,1
1094100,2635700,45.9975,7.8994,3434.40,26.29,5.52,1
1094100,2635900,45.9975,7.9020,3459.06,348.98,14.03,1
1094100,2636100,45.9975,7.9046,3494.55,341.97,7.95,1
1094100,2636300,45.9975,7.9072,3529.80,6.37,17.44,0
1094100,2636500,45.9975,7.9098,3511.39,261.17,32.70,0
1094100,2636700,45.9975,7.9123,3464.00,266.71,35.56,0
1094100,2636900,45.9975,7.9149,3456.01,283.83,29.85,0
1094300,2630100,45.9996,7.8272,2770.95,203.76,19.37,0
1094300,2630300,45.9996,7.8297,2828.93,322.75,18.41,0
1094300,2630500,45.9996,7.8323,2818.04,303.35,17.78,0
1094300,2630700,45.9996,7.8349,2834.98,289.77,10.44,0
1094300,2630900,45.9996,7.8375,2857.93,180.16,17.32,0
1094300,2631100,45.9995,7.8401,2905.71,237.13,6.79,0
1094300,2631300,45.9995,7.8427,2909.43,318.38,7.94,0
1094300,2631500,45.9995,7.8452,2926.73,276.77,13.02,0
1094300,2631700,45.9995,7.8478,2926.92,276.61,16.12,1
1094300,2631900,45.9995,7.8504,2973.34,178.44,21.55,1
1094300,2632100,45.9995,7.8530,3008.37,250.78,4.75,1
1094300,2632300,45.9995,7.8556,3025.93,17.61,4.29,1
1094300,2632500,45.9995,7.8581,3027.88,318.35,3.95,1
1094300,2632700,45.9995,7.8607,3058.01,258.42,10.78,1
1094300,2632900,45.9995,7.8633,3091.64,249.46,8.96,1
1094300,2633100,45.9994,7.8659,3102.12,34.84,3.92,1
1094300,2633300,45.9994,7.8685,3113.11,46.96,5.95,1
1094300,2633500,45.9994,7.8710,3128.89,13.59,10.28,1
1094300,2633700,45.9994,7.8736,3166.63,12.63,13.60,1
1094300,2633900,45.9994,7.8762,3213.26,136.50,12.99,1
1094300,2634100,45.9994,7.8788,3238.24,200.59,8.72,1
1094300,2634300,45.9994,7.8814,3239.81,40.45,4.81,1
1094300,2634500,45.9994,7.8840,3257.70,263.44,7.75,1
1094300,2634700,45.9994,7.8865,3276.96,352.95,4.79,1
1094300,2634900,45.9994,7.8891,3298.27,259.65,6.69,1
1094300,2635100,45.9993,7.8917,3311.36,25.73,10.59,1
1094300,2635300,45.9993,7.8943,3349.33,239.23,5.44,1
1094300,2635500,45.9993,7.8969,3388.34,321.52,21.59,1
1094300,2635700,45.9993,7.8994,3431.20,18.47,10.52,1
1094300,2635900,45.9993,7.9020,3468.61,31.31,9.71,1
1094300,2636100,45.9993,7.9046,3501.59,45.70,17.26,1
1094300,2636300,45.9993,7.9072,3569.78,181.73,26.03,0
1094300,2636500,45.9993,7.9098,3402.34,235.60,18.46,0
1094300,2636700,45.9993,7.9123,3364.98,237.85,26.83,0
1094300,2636900,45.9993,7.9149,3326.27,237.71,17.10,0
1094500,2630100,46.0014,7.8272,2737.93,318.34,25.86,0
1094500,2630300,46.0014,7.8298,2765.68,278.20,9.50,0
1094500,2630500,46.0014,7.8323,2769.94,297.63,11.13,0
1094500,2630700,46.0014,7.8349,2792.90,266.64,8.77,0
1094500,2630900,46.0014,7.8375,2872.01,34.24,27.03,0
1094500,2631100,46.0013,7.8401,2888.43,3.85,17.02,0
1094500,2631300,46.0013,7.8427,2883.30,205.91,14.40,0
1094500,2631500,46.0013,7.8452,2890.99,249.78,2.85,1
1094500,2631700,46.0013,7.8478,2913.82,28.34,28.96,1
1094500,2631900,46.0013,7.8504,2979.12,164.41,19.60,1
1094500,2632100,46.0013,7.8530,2996.86,231.94,12.99,1
1094500,2632300,46.0013,7.8556,3006.86,195.95,9.61,1
1094500,2632500,46.0013,7.8582,3009.65,269.85,9.15,1
1094500,2632700,46.0013,7.8607,3049.29,180.19,22.37,1
1094500,2632900,46.0013,7.8633,3082.49,235.92,24.07,1
1094500,2633100,46.0012,7.8659,3092.09,303.77,7.64,1
1094500,2633300,46.0012,7.8685,3126.28,35.25,10.56,1
1094500,2633500,46.0012,7.8711,3148.81,65.09,12.47,1
1094500,2633700,46.0012,7.8736,3176.57,56.78,28.75,1
1094500,2633900,46.0012,7.8762,3203.20,111.71,26.39,1
1094500,2634100,46.0012,7.8788,3223.92,309.85,8.57,1
1094500,2634300,46.0012,7.8814,3245.77,231.60,7.57,1
1094500,2634500,46.0012,7.8840,3251.38,287.31,2.57,1
1094500,2634700,46.0012,7.8865,3267.95,320.16,12.84,1
1094500,2634900,46.0012,7.8891,3308.63,67.22,9.52,1
1094500,2635100,46.0011,7.8917,3320.10,77.16,6.79,1
1094500,2635300,46.0011,7.8943,3355.94,61.17,22.85,1
1094500,2635500,46.0011,7.8969,3391.71,54.43,22.49,1
1094500,2635700,46.0011,7.8995,3449.54,44.38,24.27,1
1094500,2635900,46.0011,7.9020,3497.49,47.41,11.68,1
1094500,2636100,46.0011,7.9046,3522.56,35.15,6.09,1
1094500,2636300,46.0011,7.9072,3436.21,221.41,55.77,0
1094500,2636500,46.0011,7.9098,3337.87,206.48,14.98,0
1094500,2636700,46.0011,7.9124,3307.16,253.16,25.00,0
1094500,2636900,46.0011,7.9149,3255.30,249.08,25.26,0
1094700,2630100,46.0032,7.8272,2703.02,337.33,20.77,0
1094700,2630300,46.0032,7.8298,2760.29,71.50,20.56,0
1094700,2630500,46.0032,7.8324,2804.66,56.49,33.81,0
1094700,2630700,46.0032,7.8349,2824.58,25.16,37.26,0
1094700,2630900,46.0032,7.8375,2880.48,168.18,10.14,0
1094700,2631100,46.0031,7.8401,2834.61,214.20,54.46,0
1094700,2631300,46.0031,7.8427,2863.72,178.97,24.26,0
1094700,2631500,46.0031,7.8453,2862.86,27.02,42.25,1
1094700,2631700,46.0031,7.8478,2927.08,97.52,16.94,0
1094700,2631900,46.0031,7.8504,2922.56,316.73,12.68,0
1094700,2632100,46.0031,7.8530,2955.04,291.30,14.12,1
1094700,2632300,46.0031,7.8556,2962.72,295.73,10.43,1
1094700,2632500,46.0031,7.8582,2977.32,325.63,8.92,1
1094700,2632700,46.0031,7.8607,3025.14,304.64,16.63,1
1094700,2632900,46.0031,7.8633,3043.07,314.00,9.58,1
1094700,2633100,46.0030,7.8659,3098.26,238.06,10.74,1
1094700,2633300,46.0030,7.8685,3125.97,295.04,11.83,1
1094700,2633500,46.0030,7.8711,3150.27,330.29,18.81,1
1094700,2633700,46.0030,7.8737,3173.11,291.91,17.87,1
1094700,2633900,46.0030,7.8762,3190.58,272.42,7.10,1
1094700,2634100,46.0030,7.8788,3197.91,312.04,9.01,1
1094700,2634300,46.0030,7.8814,3224.23,299.29,15.31,1
1094700,2634500,46.0030,7.8840,3257.10,80.75,16.93,1
1094700,2634700,46.0030,7.8866,3285.15,72.42,12.31,1
1094700,2634900,46.0030,7.8891,3334.40,98.03,26.10,1
1094700,2635100,46.0029,7.8917,3356.51,25.96,16.42,1
1094700,2635300,46.0029,7.8943,3403.61,38.74,15.14,1
1094700,2635500,46.0029,7.8969,3435.61,62.32,16.60,1
1094700,2635700,46.0029,7.8995,3474.57,29.11,13.84,1
1094700,2635900,46.0029,7.9021,3507.91,42.72,13.22,1
1094700,2636100,46.0029,7.9046,3537.67,59.13,12.88,1
1094700,2636300,46.0029,7.9072,3433.05,179.52,58.88,0
1094700,2636500,46.0029,7.9098,3295.23,206.98,49.27,0
1094700,2636700,46.0029,7.9124,3234.83,212.57,35.03,0
1094700,2636900,46.0029,7.9150,3197.65,308.74,4.86,0
1094900,2630100,46.0050,7.8272,2746.00,19.05,33.17,0
1094900,2630300,46.0050,7.8298,2766.41,246.99,20.87,0
1094900,2630500,46.0050,7.8324,2762.76,258.21,32.10,0
1094900,2630700,46.0050,7.8349,2772.42,258.68,38.18,0
1094900,2630900,46.0050,7.8375,2782.42,290.70,30.59,0
1094900,2631100,46.0049,7.8401,2727.69,318.06,18.73,0
1094900,2631300,46.0049,7.8427,2765.99,317.42,20.62,0
1094900,2631500,46.0049,7.8453,2842.70,320.58,32.62,0
1094900,2631700,46.0049,7.8479,2855.26,296.05,13.59,0
1094900,2631900,46.0049,7.8504,2894.58,319.53,14.38,1
1094900,2632100,46.0049,7.8530,2920.86,320.08,6.92,1
1094900,2632300,46.0049,7.8556,2938.91,303.22,8.80,1
1094900,2632500,46.0049,7.8582,2969.53,8.04,23.03,1
1094900,2632700,46.0049,7.8608,3002.32,327.30,7.30,1
1094900,2632900,46.0049,7.8633,3033.04,44.89,18.06,1
1094900,2633100,46.0048,7.8659,3075.37,15.92,21.10,1
1094900,2633300,46.0048,7.8685,3127.40,166.24,7.33,1
1094900,2633500,46.0048,7.8711,3152.41,243.97,4.50,1
1094900,2633700,46.0048,7.8737,3184.61,55.01,21.69,0
1094900,2633900,46.0048,7.8763,3221.86,55.18,34.04,0
1094900,2634100,46.0048,7.8788,3272.69,71.61,20.60,0
1094900,2634300,46.0048,7.8814,3322.33,80.53,25.77,0
1094900,2634500,46.0048,7.8840,3350.49,29.82,38.25,0
1094900,2634700,46.0048,7.8866,3381.68,63.86,38.08,0
1094900,2634900,46.0048,7.8892,3453.71,79.98,34.67,0
1094900,2635100,46.0047,7.8917,3524.42,112.33,40.81,0
1094900,2635300,46.0047,7.8943,3558.18,41.36,55.72,0
1094900,2635500,46.0047,7.8969,3521.18,96.70,47.16,0
1094900,2635700,46.0047,7.8995,3583.67,35.99,40.58,0
1094900,2635900,46.0047,7.9021,3674.50,71.48,40.79,0
1094900,2636100,46.0047,7.9047,3678.20,39.24,17.09,0
1094900,2636300,46.0047,7.9072,3463.38,149.68,50.76,0
1094900,2636500,46.0047,7.9098,3261.60,226.46,19.90,0
1094900,2636700,46.0047,7.9124,3209.99,181.58,8.02,0
1094900,2636900,46.0047,7.9150,3180.48,241.70,6.57,0
1095100,2630100,46.0068,7.8272,2690.46,266.24,31.27,0
1095100,2630300,46.0068,7.8298,2669.60,249.35,41.95,0
1095100,2630500,46.0068,7.8324,2662.04,252.87,23.87,0
1095100,2630700,46.0068,7.8350,2652.54,291.06,52.67,0
1095100,2630900,46.0067,7.8375,2677.50,189.49,26.07,0
1095100,2631100,46.0067,7.8401,2706.82,274.11,16.77,0
1095100,2631300,46.0067,7.8427,2718.95,313.04,47.46,0
1095100,2631500,46.0067,7.8453,2768.63,281.55,42.71,1
1095100,2631700,46.0067,7.8479,2824.71,269.92,9.26,1
1095100,2631900,46.0067,7.8504,2854.89,319.79,23.37,1
1095100,2632100,46.0067,7.8530,2886.34,296.37,12.33,1
1095100,2632300,46.0067,7.8556,2924.62,337.26,9.83,1
1095100,2632500,46.0067,7.8582,2972.86,51.45,23.71,1
1095100,2632700,46.0067,7.8608,3037.04,60.83,27.29,0
1095100,2632900,46.0067,7.8634,3090.58,80.77,37.94,0
1095100,2633100,46.0066,7.8659,3115.53,85.18,36.83,0
1095100,2633300,46.0066,7.8685,3146.36,90.79,21.31,0
1095100,2633500,46.0066,7.8711,3176.31,51.87,35.84,0
1095100,2633700,46.0066,7.8737,3278.17,191.20,38.72,0
1095100,2633900,46.0066,7.8763,3405.80,295.75,31.83,0
1095100,2634100,46.0066,7.8788,3384.69,121.73,46.22,0
1095100,2634300,46.0066,7.8814,3424.59,79.63,36.88,0
1095100,2634500,46.0066,7.8840,3491.76,49.22,57.71,0
1095100,2634700,46.0066,7.8866,3537.17,89.65,38.23,0
1095100,2634900,46.0066,7.8892,3644.45,125.56,13.51,0
1095100,2635100,46.0065,7.8918,3683.45,75.34,26.34,1
1095100,2635300,46.0065,7.8943,3735.22,78.70,18.31,1
1095100,2635500,46.0065,7.8969,3765.19,95.39,20.02,1
1095100,2635700,46.0065,7.8995,3781.02,39.30,29.07,1
1095100,2635900,46.0065,7.9021,3791.13,94.04,9.44,1
1095100,2636100,46.0065,7.9047,3774.55,141.94,33.03,1
1095100,2636300,46.0065,7.9072,3628.14,173.53,69.87,0
1095100,2636500,46.0065,7.9098,3349.57,201.07,52.75,0
1095100,2636700,46.0065,7.9124,3200.51,168.89,14.53,0
1095100,2636900,46.0064,7.9150,3169.26,208.79,11.09,0
1095300,2630100,46.0086,7.8272,2575.36,253.52,35.78,0
1095300,2630300,46.0086,7.8298,2575.31,233.55,29.06,0
1095300,2630500,46.0086,7.8324,2568.16,58.14,14.06,0
1095300,2630700,46.0086,7.8350,2576.54,302.30,10.56,1
1095300,2630900,46.0085,7.8376,2619.55,280.12,13.83,1
1095300,2631100,46.0085,7.8401,2667.59,34.26,8.00,1
1095300,2631300,46.0085,7.8427,2721.91,38.70,17.88,1
1095300,2631500,46.0085,7.8453,2770.92,327.98,11.92,1
1095300,2631700,46.0085,7.8479,2798.99,329.02,8.59,1
1095300,2631900,46.0085,7.8505,2837.68,329.10,8.61,1
1095300,2632100,46.0085,7.8530,2856.49,282.29,15.38,0
1095300,2632300,46.0085,7.8556,2965.87,39.76,44.23,0
1095300,2632500,46.0085,7.8582,3119.24,27.60,56.77,0
1095300,2632700,46.0085,7.8608,3205.14,254.68,23.97,0
1095300,2632900,46.0085,7.8634,3197.99,272.80,37.20,0
1095300,2633100,46.0084,7.8660,3225.62,166.50,21.00,0
1095300,2633300,46.0084,7.8685,3244.37,101.43,16.42,1
1095300,2633500,46.0084,7.8711,3256.52,89.65,31.82,1
1095300,2633700,46.0084,7.8737,3285.95,29.93,19.98,1
1095300,2633900,46.0084,7.8763,3347.86,354.01,12.92,1
1095300,2634100,46.0084,7.8789,3427.28,259.92,24.73,1
1095300,2634300,46.0084,7.8814,3592.63,1.73,39.23,0
1095300,2634500,46.0084,7.8840,3705.74,45.69,43.58,0
1095300,2634700,46.0084,7.8866,3751.36,93.85,62.79,0
1095300,2634900,46.0084,7.8892,3784.18,44.60,63.19,0
1095300,2635100,46.0083,7.8918,3737.79,94.19,27.75,1
1095300,2635300,46.0083,7.8944,3776.94,16.83,12.05,1
1095300,2635500,46.0083,7.8969,3798.76,74.31,6.49,1
1095300,2635700,46.0083,7.8995,3813.74,36.81,7.40,1
1095300,2635900,46.0083,7.9021,3833.05,294.50,2.90,1
1095300,2636100,46.0083,7.9047,3810.70,199.14,11.76,1
1095300,2636300,46.0083,7.9073,3643.32,139.33,29.78,0
1095300,2636500,46.0083,7.9098,3462.60,145.69,44.28,0
1095300,2636700,46.0083,7.9124,3224.40,158.91,56.67,0
1095300,2636900,46.0082,7.9150,3150.34,215.62,19.17,0
1095500,2630100,46.0104,7.8272,2551.85,251.71,0.06,0
1095500,2630300,46.0104,7.8298,2552.17,69.35,11.33,0
1095500,2630500,46.0104,7.8324,2578.66,61.15,21.32,0
1095500,2630700,46.0104,7.8350,2615.36,38.93,18.67,0
1095500,2630900,46.0103,7.8376,2641.15,57.09,25.42,0
1095500,2631100,46.0103,7.8401,2682.22,77.12,26.44,1
1095500,2631300,46.0103,7.8427,2733.57,74.78,28.62,1
1095500,2631500,46.0103,7.8453,2765.84,74.75,20.80,1
1095500,2631700,46.0103,7.8479,2804.59,59.82,20.36,0
1095500,2631900,46.0103,7.8505,2882.55,25.46,23.34,0
1095500,2632100,46.0103,7.8531,2940.53,43.81,31.09,0
1095500,2632300,46.0103,7.8556,2999.07,298.06,19.94,1
1095500,2632500,46.0103,7.8582,3053.22,10.04,15.88,1
1095500,2632700,46.0103,7.8608,3103.94,12.70,15.75,1
1095500,2632900,46.0103,7.8634,3167.42,7.79,19.97,1
1095500,2633100,46.0102,7.8660,3216.89,15.79,14.00,1
1095500,2633300,46.0102,7.8685,3251.89,19.39,14.59,1
1095500,2633500,46.0102,7.8711,3309.27,77.30,10.03,1
1095500,2633700,46.0102,7.8737,3314.43,179.94,2.02,1
1095500,2633900,46.0102,7.8763,3357.35,1.79,16.04,1
1095500,2634100,46.0102,7.8789,3437.36,18.84,44.20,1
1095500,2634300,46.0102,7.8815,3611.63,13.19,41.41,0
1095500,2634500,46.0102,7.8840,3742.48,179.87,29.50,1
1095500,2634700,46.0102,7.8866,3844.03,328.33,29.62,1
1095500,2634900,46.0102,7.8892,3883.85,269.67,33.39,1
1095500,2635100,46.0101,7.8918,3894.59,116.85,28.49,1
1095500,2635300,46.0101,7.8944,3909.34,136.65,57.53,0
1095500,2635500,46.0101,7.8970,3834.03,86.38,21.56,1
1095500,2635700,46.0101,7.8995,3840.88,78.59,13.58,1
1095500,2635900,46.0101,7.9021,3842.33,100.06,10.55,1
1095500,2636100,46.0101,7.9047,3830.29,110.89,15.06,1
1095500,2636300,46.0101,7.9073,3593.63,202.63,54.59,0
1095500,2636500,46.0101,7.9099,3378.88,209.82,25.63,0
1095500,2636700,46.0101,7.9124,3303.26,212.19,28.60,0
1095500,2636900,46.0100,7.9150,3218.78,115.82,6.88,0
1095700,2630100,46.0122,7.8273,2593.80,83.39,35.34,0
1095700,2630300,46.0122,7.8298,2637.66,67.41,30.46,0
1095700,2630500,46.0122,7.8324,2693.81,84.63,34.31,0
1095700,2630700,46.0122,7.8350,2734.87,82.35,39.67,0
1095700,2630900,46.0121,7.8376,2764.78,83.62,36.75,0
1095700,2631100,46.0121,7.8402,2796.47,79.23,37.75,0
1095700,2631300,46.0121,7.8427,2873.52,72.85,44.07,0
1095700,2631500,46.0121,7.8453,2896.28,73.05,23.72,0
1095700,2631700,46.0121,7.8479,2944.10,97.32,49.20,0
1095700,2631900,46.0121,7.8505,2962.43,103.60,26.05,0
1095700,2632100,46.0121,7.8531,3012.18,101.57,31.31,0
1095700,2632300,46.0121,7.8557,3040.08,76.70,23.57,0
1095700,2632500,46.0121,7.8582,3062.68,70.82,33.55,0
1095700,2632700,46.0121,7.8608,3115.92,84.97,38.25,1
1095700,2632900,46.0121,7.8634,3182.51,313.27,25.89,1
1095700,2633100,46.0120,7.8660,3234.38,261.69,7.67,1
1095700,2633300,46.0120,7.8686,3273.32,342.36,14.25,1
1095700,2633500,46.0120,7.8711,3327.33,208.55,6.71,1
1095700,2633700,46.0120,7.8737,3349.15,50.58,15.35,1
1095700,2633900,46.0120,7.8763,3393.34,42.66,15.92,1
1095700,2634100,46.0120,7.8789,3459.76,327.91,22.43,1
1095700,2634300,46.0120,7.8815,3529.04,299.27,24.08,1
1095700,2634500,46.0120,7.8841,3563.62,299.15,41.91,1
1095700,2634700,46.0120,7.8866,3696.97,286.03,25.06,1
1095700,2634900,46.0120,7.8892,3703.80,281.82,12.94,1
1095700,2635100,46.0119,7.8918,3776.67,325.99,36.38,1
1095700,2635300,46.0119,7.8944,3954.76,348.90,44.69,0
1095700,2635500,46.0119,7.8970,4038.42,78.54,49.88,0
1095700,2635700,46.0119,7.8995,4007.66,107.76,51.78,0
1095700,2635900,46.0119,7.9021,3985.93,78.11,53.94,0
1095700,2636100,46.0119,7.9047,3981.65,92.54,55.86,0
1095700,2636300,46.0119,7.9073,3639.10,153.98,68.70,0
1095700,2636500,46.0119,7.9099,3330.63,203.14,27.72,0
1095700,2636700,46.0119,7.9125,3281.82,179.70,26.66,0
1095700,2636900,46.0118,7.9150,3240.08,140.79,18.37,0
1095900,2630100,46.0140,7.8273,2710.91,64.66,40.88,0
1095900,2630300,46.0140,7.8298,2759.93,115.40,61.53,0
1095900,2630500,46.0140,7.8324,2794.33,47.75,30.66,0
1095900,2630700,46.0140,7.8350,2855.71,52.06,31.23,0
1095900,2630900,46.0139,7.8376,2920.89,52.65,38.56,0
1095900,2631100,46.0139,7.8402,2993.57,92.01,62.71,0
1095900,2631300,46.0139,7.8428,3012.01,101.30,56.32,0
1095900,2631500,46.0139,7.8453,2988.73,78.25,24.22,0
1095900,2631700,46.0139,7.8479,3021.71,91.31,30.59,0
1095900,2631900,46.0139,7.8505,3068.35,56.01,37.05,0
1095900,2632100,46.0139,7.8531,3141.50,62.02,36.91,0
1095900,2632300,46.0139,7.8557,3189.57,93.17,49.17,0
1095900,2632500,46.0139,7.8582,3241.48,81.13,56.19,0
1095900,2632700,46.0139,7.8608,3330.34,73.68,56.12,0
1095900,2632900,46.0139,7.8634,3315.24,84.83,51.61,0
1095900,2633100,46.0138,7.8660,3317.75,58.94,35.88,0
1095900,2633300,46.0138,7.8686,3291.62,114.94,30.25,1
1095900,2633500,46.0138,7.8712,3320.36,355.86,14.93,1
1095900,2633700,46.0138,7.8737,3373.03,172.22,9.32,1
1095900,2633900,46.0138,7.8763,3396.60,178.63,2.42,1
1095900,2634100,46.0138,7.8789,3451.86,322.10,31.03,1
1095900,2634300,46.0138,7.8815,3507.55,323.32,23.93,1
1095900,2634500,46.0138,7.8841,3563.09,98.44,26.27,1
1095900,2634700,46.0138,7.8867,3630.58,176.00,20.18,1
1095900,2634900,46.0138,7.8892,3684.62,91.85,11.77,1
1095900,2635100,46.0137,7.8918,3795.10,30.54,50.35,0
1095900,2635300,46.0137,7.8944,3987.64,35.31,53.17,0
1095900,2635500,46.0137,7.8970,4090.52,284.70,20.38,0
1095900,2635700,46.0137,7.8996,4123.59,338.99,16.24,0
1095900,2635900,46.0137,7.9021,4130.58,236.71,48.01,0
1095900,2636100,46.0137,7.9047,4073.20,267.24,43.86,0
1095900,2636300,46.0137,7.9073,3806.94,218.82,45.88,0
1095900,2636500,46.0137,7.9099,3341.13,140.98,24.88,0
1095900,2636700,46.0137,7.9125,3272.86,169.15,14.39,0
1095900,2636900,46.0136,7.9151,3216.15,204.31,13.81,0
1096100,2630100,46.0158,7.8273,2767.00,95.19,22.26,0
1096100,2630300,46.0158,7.8299,2812.69,149.05,10.30,0
1096100,2630500,46.0158,7.8324,2875.74,30.90,28.97,0
1096100,2630700,46.0158,7.8350,2958.98,291.12,20.39,0
1096100,2630900,46.0157,7.8376,2996.96,66.51,24.26,0
1096100,2631100,46.0157,7.8402,3067.23,71.01,31.00,0
1096100,2631300,46.0157,7.8428,3129.44,322.80,22.55,0
1096100,2631500,46.0157,7.8454,3231.84,90.47,51.12,0
1096100,2631700,46.0157,7.8479,3177.04,96.64,47.63,0
1096100,2631900,46.0157,7.8505,3271.75,69.04,57.11,0
1096100,2632100,46.0157,7.8531,3299.54,116.63,14.40,0
1096100,2632300,46.0157,7.8557,3349.73,86.86,29.84,0
1096100,2632500,46.0157,7.8583,3343.00,194.65,17.29,0
1096100,2632700,46.0157,7.8608,3392.23,56.12,46.55,0
1096100,2632900,46.0157,7.8634,3427.96,21.61,46.60,0
1096100,2633100,46.0156,7.8660,3527.31,349.35,37.37,0
1096100,2633300,46.0156,7.8686,3527.79,72.76,64.16,0
1096100,2633500,46.0156,7.8712,3512.72,110.17,54.38,0
1096100,2633700,46.0156,7.8738,3417.85,99.35,34.88,0
1096100,2633900,46.0156,7.8763,3404.34,81.83,9.09,1
1096100,2634100,46.0156,7.8789,3435.60,34.66,7.92,1
1096100,2634300,46.0156,7.8815,3472.24,324.21,13.23,1
1096100,2634500,46.0156,7.8841,3571.01,328.59,43.06,1
1096100,2634700,46.0156,7.8867,3733.88,351.79,38.50,0
1096100,2634900,46.0156,7.8892,3888.08,95.18,38.48,1
1096100,2635100,46.0155,7.8918,3946.04,329.13,20.20,0
1096100,2635300,46.0155,7.8944,4001.40,338.34,17.69,0
1096100,2635500,46.0155,7.8970,4048.39,307.76,10.61,0
1096100,2635700,46.0155,7.8996,4058.87,225.94,52.14,0
1096100,2635900,46.0155,7.9022,3960.89,266.51,31.90,0
1096100,2636100,46.0155,7.9047,3935.87,238.86,24.54,0
1096100,2636300,46.0155,7.9073,3726.55,203.37,56.59,0
1096100,2636500,46.0155,7.9099,3452.94,116.79,36.52,0
1096100,2636700,46.0155,7.9125,3287.60,109.15,26.50,0
1096100,2636900,46.0154,7.9151,3226.81,126.18,24.28,0
1096300,2630100,46.0176,7.8273,2836.42,52.02,26.54,0
1096300,2630300,46.0176,7.8299,2856.48,79.83,36.76,0
1096300,2630500,46.0176,7.8325,2904.11,49.03,44.95,0
1096300,2630700,46.0176,7.8350,3000.19,17.05,33.38,0
1096300,2630900,46.0175,7.8376,3096.56,61.68,42.70,0
1096300,2631100,46.0175,7.8402,3176.11,52.11,46.36,0
1096300,2631300,46.0175,7.8428,3136.72,229.64,30.31,0
1096300,2631500,46.0175,7.8454,3227.26,330.93,37.88,0
1096300,2631700,46.0175,7.8479,3203.26,256.09,32.00,0
1096300,2631900,46.0175,7.8505,3210.56,319.78,30.55,0
1096300,2632100,46.0175,7.8531,3281.89,355.35,31.15,0
1096300,2632300,46.0175,7.8557,3382.48,199.35,12.22,0
1096300,2632500,46.0175,7.8583,3428.87,344.00,12.21,0
1096300,2632700,46.0175,7.8609,3460.50,119.24,18.26,0
1096300,2632900,46.0174,7.8634,3482.54,326.82,19.56,0
1096300,2633100,46.0174,7.8660,3558.17,12.12,19.26,0
1096300,2633300,46.0174,7.8686,3614.19,33.16,13.39,0
1096300,2633500,46.0174,7.8712,3636.89,83.53,6.51,0
1096300,2633700,46.0174,7.8738,3616.43,73.62,51.72,0
1096300,2633900,46.0174,7.8764,3576.21,153.96,54.93,0
1096300,2634100,46.0174,7.8789,3475.83,79.86,23.23,1
1096300,2634300,46.0174,7.8815,3501.12,73.47,15.72,1
1096300,2634500,46.0174,7.8841,3570.14,180.49,28.34,1
1096300,2634700,46.0174,7.8867,3721.94,39.40,36.26,1
1096300,2634900,46.0173,7.8893,3830.32,260.64,33.74,0
1096300,2635100,46.0173,7.8918,3849.77,311.76,33.03,0
1096300,2635300,46.0173,7.8944,3932.77,291.01,23.37,0
1096300,2635500,46.0173,7.8970,3990.45,289.47,22.22,0
1096300,2635700,46.0173,7.8996,3912.05,207.18,28.42,0
1096300,2635900,46.0173,7.9022,3892.01,256.69,16.10,0
1096300,2636100,46.0173,7.9048,3882.84,273.58,11.36,0
1096300,2636300,46.0173,7.9073,3822.76,144.74,78.73,0
1096300,2636500,46.0173,7.9099,3585.76,198.71,42.47,0
1096300,2636700,46.0173,7.9125,3415.79,153.86,60.55,0
1096300,2636900,46.0172,7.9151,3335.01,100.33,28.86,0
1096500,2630100,46.0194,7.8273,2948.76,70.67,31.60,0
1096500,2630300,46.0194,7.8299,2995.94,73.53,30.43,0
1096500,2630500,46.0194,7.8325,3118.44,72.24,31.81,0
1096500,2630700,46.0194,7.8350,3151.99,167.79,36.92,0
1096500,2630900,46.0193,7.8376,3113.69,307.97,39.19,0
1096500,2631100,46.0193,7.8402,3153.28,247.60,40.08,0
1096500,2631300,46.0193,7.8428,3066.41,314.49,18.20,0
1096500,2631500,46.0193,7.8454,3156.65,258.71,49.26,0
1096500,2631700,46.0193,7.8480,3122.32,266.70,13.88,0
1096500,2631900,46.0193,7.8505,3158.02,319.76,23.29,0
1096500,2632100,46.0193,7.8531,3245.85,282.59,42.49,0
1096500,2632300,46.0193,7.8557,3336.47,293.09,41.48,0
1096500,2632500,46.0193,7.8583,3377.03,274.78,29.69,0
1096500,2632700,46.0193,7.8609,3382.23,292.00,21.53,0
1096500,2632900,46.0192,7.8635,3464.00,352.03,26.66,0
1096500,2633100,46.0192,7.8660,3546.86,322.19,21.45,0
1096500,2633300,46.0192,7.8686,3611.12,313.38,27.92,0
1096500,2633500,46.0192,7.8712,3661.76,344.13,18.98,0
1096500,2633700,46.0192,7.8738,3715.43,298.71,18.69,0
1096500,2633900,46.0192,7.8764,3735.91,72.01,18.14,0
1096500,2634100,46.0192,7.8789,3710.53,107.22,47.13,0
1096500,2634300,46.0192,7.8815,3576.76,253.73,21.18,0
1096500,2634500,46.0192,7.8841,3606.84,51.37,24.29,1
1096500,2634700,46.0192,7.8867,3773.99,330.72,32.67,0
1096500,2634900,46.0191,7.8893,3738.01,279.33,32.69,0
1096500,2635100,46.0191,7.8919,3751.42,306.01,22.14,0
1096500,2635300,46.0191,7.8944,3837.42,347.82,24.83,0
1096500,2635500,46.0191,7.8970,3909.88,308.80,19.64,0
1096500,2635700,46.0191,7.8996,3826.24,273.08,20.31,0
1096500,2635900,46.0191,7.9022,3828.82,238.18,19.17,0
1096500,2636100,46.0191,7.9048,3854.47,297.31,12.36,0
1096500,2636300,46.0191,7.9074,3859.32,235.56,18.02,0
1096500,2636500,46.0191,7.9099,3752.17,151.65,63.81,0
1096500,2636700,46.0191,7.9125,3527.73,103.02,45.02,0
1096500,2636900,46.0190,7.9151,3383.29,110.41,28.67,0
1096700,2630100,46.0212,7.8273,3103.91,52.73,38.37,0
1096700,2630300,46.0212,7.8299,3135.06,85.97,41.62,0
1096700,2630500,46.0212,7.8325,3178.94,210.83,50.99,0
1096700,2630700,46.0212,7.8351,2998.00,314.07,12.37,0
1096700,2630900,46.0211,7.8376,3027.14,290.37,21.18,0
1096700,2631100,46.0211,7.8402,3056.22,339.85,20.84,0
1096700,2631300,46.0211,7.8428,3036.80,218.50,25.90,0
1096700,2631500,46.0211,7.8454,2974.83,270.98,31.54,0
1096700,2631700,46.0211,7.8480,3045.39,258.61,17.67,0
1096700,2631900,46.0211,7.8506,3066.97,269.82,24.17,0
1096700,2632100,46.0211,7.8531,3080.58,274.82,37.72,0
1096700,2632300,46.0211,7.8557,3203.99,313.61,41.75,0
1096700,2632500,46.0211,7.8583,3212.60,306.62,16.30,0
1096700,2632700,46.0211,7.8609,3319.72,17.15,55.46,0
1096700,2632900,46.0210,7.8635,3394.62,299.50,30.07,0
1096700,2633100,46.0210,7.8661,3447.79,304.52,35.29,0
1096700,2633300,46.0210,7.8686,3514.73,303.24,41.48,0
1096700,2633500,46.0210,7.8712,3598.81,344.07,31.79,0
1096700,2633700,46.0210,7.8738,3735.07,14.55,69.18,0
1096700,2633900,46.0210,7.8764,3915.19,54.58,42.13,0
1096700,2634100,46.0210,7.8790,3986.83,57.03,27.00,0
1096700,2634300,46.0210,7.8815,3928.57,102.03,71.25,0
1096700,2634500,46.0210,7.8841,3816.82,94.02,82.03,0
1096700,2634700,46.0210,7.8867,3729.39,184.69,31.00,0
1096700,2634900,46.0209,7.8893,3670.94,237.73,13.84,0
1096700,2635100,46.0209,7.8919,3678.65,284.79,20.52,0
1096700,2635300,46.0209,7.8945,3692.94,278.59,39.00,0
1096700,2635500,46.0209,7.8970,3828.02,306.06,39.54,0
1096700,2635700,46.0209,7.8996,3708.85,216.40,41.59,0
1096700,2635900,46.0209,7.9022,3713.07,274.02,40.69,0
1096700,2636100,46.0209,7.9048,3782.76,284.07,34.66,0
1096700,2636300,46.0209,7.9074,3735.10,252.39,36.27,0
1096700,2636500,46.0209,7.9100,3716.13,257.81,16.15,0
1096700,2636700,46.0209,7.9125,3726.12,356.09,15.51,0
1096700,2636900,46.0208,7.9151,3665.52,113.68,58.78,0
1096900,2630100,46.0230,7.8273,3251.69,26.38,37.31,0
1096900,2630300,46.0230,7.8299,3233.17,213.79,36.29,0
1096900,2630500,46.0230,7.8325,3020.23,209.36,68.49,0
1096900,2630700,46.0230,7.8351,2948.48,226.68,11.83,0
1096900,2630900,46.0229,7.8377,2976.76,297.21,13.74,0
1096900,2631100,46.0229,7.8402,2920.16,233.80,41.89,0
1096900,2631300,46.0229,7.8428,2898.96,282.67,24.31,0
1096900,2631500,46.0229,7.8454,2933.78,314.58,18.46,0
1096900,2631700,46.0229,7.8480,2970.61,308.73,14.35,0
1096900,2631900,46.0229,7.8506,2955.45,334.89,17.29,0
1096900,2632100,46.0229,7.8532,3022.15,261.74,30.09,0
1096900,2632300,46.0229,7.8557,3129.58,11.24,16.58,0
1096900,2632500,46.0229,7.8583,3171.95,339.17,5.14,0
1096900,2632700,46.0229,7.8609,3251.41,179.76,17.27,0
1096900,2632900,46.0228,7.8635,3337.36,13.34,33.99,0
1096900,2633100,46.0228,7.8661,3417.13,297.34,13.34,0
1096900,2633300,46.0228,7.8686,3461.29,330.94,15.94,0
1096900,2633500,46.0228,7.8712,3602.50,181.04,54.31,0
1096900,2633700,46.0228,7.8738,3805.79,65.78,56.76,0
1096900,2633900,46.0228,7.8764,3904.65,300.98,27.14,0
1096900,2634100,46.0228,7.8790,3950.03,252.28,41.81,0
1096900,2634300,46.0228,7.8816,4009.25,349.02,36.73,0
1096900,2634500,46.0228,7.8841,4113.46,156.10,70.15,0
1096900,2634700,46.0228,7.8867,3822.91,133.11,65.50,0
1096900,2634900,46.0227,7.8893,3636.95,241.64,18.01,0
1096900,2635100,46.0227,7.8919,3602.54,237.58,18.79,0
1096900,2635300,46.0227,7.8945,3596.36,255.10,17.12,0
1096900,2635500,46.0227,7.8971,3667.51,328.52,50.28,0
1096900,2635700,46.0227,7.8996,3624.65,256.13,18.58,0
1096900,2635900,46.0227,7.9022,3634.80,279.43,16.71,0
1096900,2636100,46.0227,7.9048,3636.32,274.76,30.51,0
1096900,2636300,46.0227,7.9074,3649.72,292.28,13.89,0
1096900,2636500,46.0227,7.9100,3664.93,287.88,20.45,0
1096900,2636700,46.0227,7.9126,3699.54,329.64,20.61,0
1096900,2636900,46.0226,7.9151,3713.99,210.92,32.75,0
